Workbook

Sheet Backlog
A1: ID | B1: Phase / Tier | C1: Category | D1: Feature | E1: Description | F1: Status | G1: Priority | H1: Effort | I1: Inspired By | J1: Dependencies | K1: Notes
A2: P0.1 | B2: Phase 0 | C2: Infra | D2: Fix docker-compose.yml | E2: Broken volume mount + blank port entry — make Postgres persist cleanly. | F2: Done | G2: Critical | H2: S | I2: Custom
A3: P0.2 | B3: Phase 0 | C3: Infra | D3: Flyway dep + config | E3: Add flyway-core / flyway-database-postgresql, baseline-on-migrate=true. | F3: Done | G3: High | H3: S | I3: Custom | K3: V1__init.sql still TBD
A4: P0.3 | B4: Phase 0 | C4: Infra | D4: ddl-auto → validate | E4: Switch Hibernate to validate once V1 baseline captured. | F4: Deferred | G4: High | H4: S | I4: Custom | J4: P0.2,TEST4 | K4: Blocked on V1 dump
A5: P0.4 | B5: Phase 0 | C5: Testing | D5: Testcontainers + sanity ITs | E5: AbstractIntegrationTest + HealthControllerIT + AccountRepositoryIT. | F5: Done | G5: High | H5: M | I5: Custom
A6: P0.5 | B6: Phase 0 | C6: Infra | D6: GitHub Actions CI | E6: mvn verify + npm build on push / PR. | F6: Done | G6: High | H6: S | I6: Custom | J6: P0.4
A7: P0.6 | B7: Phase 0 | C7: Docs | D7: Sync README with 13 modules | E7: README listed only auth/health/bot — refresh to reality. | F7: Done | G7: Medium | H7: S | I7: Custom
A8: P0.7 | B8: Phase 0 | C8: Infra | D8: Port consolidation 5185/8185/5485 | E8: All app ports end in -185 to avoid collision with other local apps. | F8: Done | G8: Low | H8: S | I8: Custom
A9: P1.1 | B9: Phase 1 | C9: Bot Core | D9: BrowserTravianClient stable login | E9: Tolerant selectors + humanType, retry, captcha-aware fallback. | F9: Done | G9: Critical | H9: L | I9: TravBotSharp
A10: P1.2 | B10: Phase 1 | C10: Bot Core | D10: Village scraping scheduler | E10: VillageScrapeScheduler refreshes resources/buildings on cadence. | F10: Done | G10: Critical | H10: M | I10: TravBotSharp | J10: P1.1
A11: P1.3 | B11: Phase 1 | C11: Bot Core | D11: Build queue executor | E11: BuildQueueScheduler picks next pending item, clicks upgrade. | F11: Done | G11: Critical | H11: L | I11: TravBotSharp | J11: P1.2
A12: P1.4 | B12: Phase 1 | C12: Bot Core | D12: NPC trade automation | E12: Marketplace gid=17 NPC redistribute, gated on Plus/gold. | F12: Done | G12: High | H12: M | I12: TravBotSharp | J12: P1.1
A13: P1.5 | B13: Phase 1 | C13: Bot Core | D13: Farmlist runner | E13: FarmlistSendScheduler + sendFarmlist clicks startFarmListRaid. | F13: Done | G13: Critical | H13: M | I13: TravBotSharp | J13: P1.1
A14: P1.6 | B14: Phase 1 | C14: Bot Core | D14: Hero attribute spend | E14: Auto-allocate unspent points into configured attribute. | F14: Done | G14: High | H14: M | I14: TravBotSharp | J14: P1.1
A15: P1.7 | B15: Phase 1 | C15: Bot Core | D15: Auto re-login on 302 | E15: Wrap NotLoggedInException, trigger login(), retry once. | F15: Done | G15: High | H15: S | I15: TravBotSharp | J15: P1.1 | K15: Auto re-login: SessionRecoveryService, opt-in toggle, 10-min cooldown (2026-07-05)
A16: P1.8 | B16: Phase 1 | C16: Bot Core | D16: Hero adventure auto-runner | E16: Pick safest adventure, send hero, track HP. | F16: Not Started | G16: Medium | H16: M | I16: TravBotSharp | J16: P1.6
A17: P1.9 | B17: Phase 1 | C17: Bot Core | D17: Resource overflow alert | E17: Warehouse > 95% → BotEvent + (later) notification. | F17: Done | G17: Medium | H17: S | I17: Custom | J17: P1.2,NOT1 | K17: ResourceOverflowMonitor >=95%, BotEvent WARN + Discord toggle (2026-07-05)
A18: P1.10 | B18: Phase 1 | C18: Bot Core | D18: Master-builder (gold) protection | E18: Refuse to click gold-only upgrade button when queue full. | F18: Done | G18: High | H18: S | I18: Custom | J18: P1.3
A19: P1.11 | B19: Phase 1 | C19: Bot Core | D19: Server time / Plus / UTC offset scrape | E19: Persist offset + Plus status on every dorf1 scrape. | F19: Done | G19: Medium | H19: S | I19: Custom | J19: P1.2
A20: P1.12 | B20: Phase 1 | C20: Bot Core | D20: Sidebar village auto-discovery | E20: Parse sidebar list to upsert villages without manual config. | F20: Done | G20: Medium | H20: S | I20: Custom | J20: P1.2
A21: P1.13 | B21: Phase 1 | C21: Bot Core | D21: In-game build queue parsing | E21: Read finish-at timestamps from #buildingList sidebar. | F21: Done | G21: Medium | H21: S | I21: Custom | J21: P1.2
A22: P1.14 | B22: Phase 1 | C22: Bot Core | D22: Queue reconciliation RUNNING/DONE | E22: Match scraped page state to local queue rows. | F22: Done | G22: High | H22: S | I22: Custom | J22: P1.13
A23: P2.1 | B23: Phase 2 | C23: Safety | D23: HumanDelay range | E23: Pre-action random delay from configurable min/max. | F23: Done | G23: Critical | H23: S | I23: Custom
A24: P2.2 | B24: Phase 2 | C24: Safety | D24: humanType per-key with stalls | E24: Per-char keypress with 60–180 ms cadence + 6% thinking stalls. | F24: Done | G24: Critical | H24: S | I24: Custom
A25: P2.3 | B25: Phase 2 | C25: Safety | D25: Click-or-navigate human nav | E25: Prefer clicking <a> instead of editing address bar. | F25: Done | G25: Medium | H25: S | I25: Custom
A26: P2.4 | B26: Phase 2 | C26: Safety | D26: Multi-account parallel sessions | E26: Per-account browser via BrowserSessionManager + ConcurrentHashMap. | F26: Done | G26: High | H26: S | I26: TravBotSharp
A27: P2.6 | B27: Phase 2 | C27: Safety | D27: Playwright proxy injection | E27: Apply AccountProxy when launching Chromium; rotate per account. | F27: Done | G27: Critical | H27: M | I27: Custom | J27: P2.4 | K27: AccountProxy entity exists but unused · Active AccountProxy row applied at Chromium launch via Playwright proxy options (2026-07-05)
A28: P2.7 | B28: Phase 2 | C28: Safety | D28: Rate limiter per account | E28: Bucket4j or token bucket: cap req/min per accountId. | F28: Done | G28: High | H28: M | I28: Custom | K28: ActionRateLimiter: per-account token bucket, maxActionsPerMinute setting (default 20), gates every browser action (2026-07-05)
A29: P2.8 | B29: Phase 2 | C29: Safety | D29: Captcha detect + pause + notif | E29: Detect challenge DOM markers, pause scheduler, notify user. | F29: Done | G29: Critical | H29: M | I29: Custom | J29: NOT1 | K29: CaptchaDetector on dorf1/dorf2 + CaptchaGate pause + session release + Discord notify; manual login resumes (2026-07-05)
A30: P2.9 | B30: Phase 2 | C30: Safety | D30: User-agent / viewport rotation | E30: Per-session UA + viewport randomization at launch. | F30: Done | G30: Medium | H30: S | I30: Custom | J30: P2.4 | K30: BrowserFingerprint: matched UA+viewport pool, randomized per session at context creation (2026-07-05)
A31: P2.10 | B31: Phase 2 | C31: Safety | D31: BotLog UI filters | E31: Frontend filter by account/severity/date/search. | F31: Done | G31: Medium | H31: M | I31: Custom | K31: Backend log exists · Bot log filters: outcome/search/date-range, JPA Specifications (2026-07-05)
A32: P2.11 | B32: Phase 2 | C32: Safety | D32: Headless mode toggle per-account | E32: Per-account boolean: run Chromium without UI. | F32: Done | G32: Low | H32: S | I32: Custom | J32: P2.4 | K32: Per-account headless flag on AccountSettings; BrowserSessionManager reads it at launch; toggle in account settings Browser group (2026-07-05)
A33: P2.12 | B33: Phase 2 | C33: Safety | D33: Mouse path randomization | E33: Curve path before click instead of teleporting. | F33: Not Started | G33: Low | H33: M | I33: Custom
A34: A1 | B34: Tier A | C34: AI Analytics | D34: Incoming attack scraper + TS analyzer | E34: Parse rally point, compute attacker speed/troop class. | F34: Done | G34: Critical | H34: L | I34: Travcotools | J34: P1.2
A35: A2 | B35: Tier A | C35: AI Analytics | D35: Return-catch optimizer | E35: Suggest launch-time so we hit attacker home with no defense. | F35: Done | G35: Critical | H35: M | I35: Custom | J35: A1
A36: A3 | B36: Tier A | C36: AI Analytics | D36: Inactive search (map.sql) | E36: Parse daily map.sql dump, flag inactive players with filters. | F36: Done | G36: High | H36: L | I36: Travcotools
A37: B1 | B37: Tier B | C37: Analytics | D37: Farmlist analyzer + traffic-light | E37: Parse berichte.php raid reports, attribute, score per target. | F37: Done | G37: High | H37: L | I37: Travcotools | J37: P1.5
A38: B2 | B38: Tier B | C38: AI Analytics | D38: Enemy intel + hero tracker | E38: Snapshot enemy profile, narrate hero/pop changes. | F38: Done | G38: High | H38: L | I38: Custom | J38: A1,A3
A39: B3 | B39: Tier B | C39: AI Analytics | D39: Cropper finder 15c/9c | E39: Heuristic classification from population + capital flag. | F39: Done | G39: Medium | H39: M | I39: Travmap | J39: A3
A40: C1 | B40: Tier C | C40: Notifications | D40: Discord webhook notifier | E40: Push BotEvents to configured webhook URL. | F40: Done | G40: High | H40: S | I40: Travcotools | K40: Was already implemented: DiscordNotifier + settings page + per-event toggles
A41: C2 | B41: Tier C | C41: Notifications | D41: Telegram notifier | E41: Bot token + chat id, push critical events. | F41: Done | G41: Medium | H41: S | I41: Custom | K41: TelegramNotifier + settings page, wired via new EventNotifier interface + NotificationDispatcher fan-out (Discord+Telegram) (2026-07-05)
A42: C3 | B42: Tier C | C42: Notifications | D42: Desktop push notifications | E42: Browser Notification API + service worker. | F42: Done | G42: High | H42: S | I42: Custom | K42: useIncomingAttackWatch hook: browser Notification API on new incoming attack, gated on desktopNotificationsEnabled, dedup + seed-on-first-poll (2026-07-05)
A43: C4 | B43: Tier C | C43: Coord | D43: Defense pull (wave-timing) | E43: Coordinate sends from N villages to arrive simultaneously. | F43: Not Started | G43: Medium | H43: L | I43: Travcotools | J43: P1.1
A44: C5 | B44: Tier C | C44: Coord | D44: Resource subsidies automation | E44: Inter-account / inter-village marketplace push routing. | F44: Not Started | G44: Medium | H44: M | I44: Travcotools | J44: P1.4
A45: C6 | B45: Tier C | C45: Coord | D45: Sitter coop support | E45: Multi-user access with role permissions. | F45: Not Started | G45: Low | H45: L | I45: Travian
A46: D1 | B46: Tier D | C46: Strategy | D46: Artifact spawn coordinator | E46: Hardcoded spawn dates + grab planning per village. | F46: Not Started | G46: Low | H46: XL | I46: Travcotools
A47: D2 | B47: Tier D | C47: Analytics | D47: Top10 / leaderboard delta tracking | E47: Daily snapshot, render deltas, suspect-hammer detection. | F47: In Progress | G47: Medium | H47: M | I47: Travcotools | K47: Entity + scheduler exist; UI partial
A48: D3 | B48: Tier D | C48: Strategy | D48: WW countdown tracker | E48: Wonder-of-the-World construction watcher (very late server). | F48: Not Started | G48: Low | H48: M | I48: Travian
A49: D4 | B49: Tier D | C49: Analytics | D49: Cropper ROI ranking | E49: Score croppers by distance/oasis bonus/settle time. | F49: Not Started | G49: Low | H49: M | I49: Custom | J49: B3
A50: D5 | B50: Tier D | C50: Strategy | D50: Goal mode (WW/off/deff templates) | E50: Pre-set build queues + troop mix based on user goal. | F50: Not Started | G50: Low | H50: XL | I50: Custom | J50: P1.3
A51: D6 | B51: Tier D | C51: Strategy | D51: CP / settler planner | E51: Compute when CP + 3 settlers reach quota for next village. | F51: Not Started | G51: Medium | H51: M | I51: Gettertools | J51: P1.2
A52: D7 | B52: Tier D | C52: Strategy | D52: Capital choice advisor | E52: Detect 15c in radius, recommend capital relocation. | F52: Not Started | G52: Low | H52: M | I52: Travmap | J52: B3
A53: MAP1 | B53: Tier MAP | C53: Map | D53: Interactive world map view | E53: Render MapPlayer/MapVillage on Canvas/SVG, pan + zoom. | F53: Done | G53: High | H53: XL | I53: Travmap | J53: A3 | K53: WorldMapController /servers/{id}/intel/map (join village+player) + Canvas MapPage: pan/zoom, tribe colours, inactive dimmed, capital rings, hover tooltip, coord readout, adaptive grid; route+sidebar+i18n (2026-07-05)
A54: MAP2 | B54: Tier MAP | C54: Map | D54: Layer toggles | E54: Toggle: own villages, alliance, tribe, inactive, croppers. | F54: Not Started | G54: High | H54: M | I54: Travmap | J54: MAP1
A55: MAP3 | B55: Tier MAP | C55: Map | D55: Distance measurement tool | E55: Click 2 tiles → field distance + travel time per tribe. | F55: Not Started | G55: Medium | H55: S | I55: Travmap,Gettertools | J55: MAP1
A56: MAP4 | B56: Tier MAP | C56: Map | D56: Tile action menu | E56: Right-click tile → add to farmlist / mark cropper / view player. | F56: Not Started | G56: Medium | H56: M | I56: Custom | J56: MAP1,B1,B3
A57: MAP5 | B57: Tier MAP | C57: Map | D57: Historical playback (time slider) | E57: Step through map.sql snapshots over time. | F57: Not Started | G57: Low | H57: L | I57: Travmap | J57: MAP1 | K57: Needs MapPlayerHistory entity
A58: MAP6 | B58: Tier MAP | C58: Map | D58: Bookmarks / notes on tiles | E58: Pin tiles with user notes (cropper target, enemy spawn, etc). | F58: Not Started | G58: Low | H58: S | I58: Travmap | J58: MAP1
A59: MAP7 | B59: Tier MAP | C59: Map | D59: Search by player / alliance | E59: Center map on player or zoom-fit alliance territory. | F59: Not Started | G59: Medium | H59: S | I59: Travmap | J59: MAP1
A60: MAP8 | B60: Tier MAP | C60: Map | D60: Map.sql diff visualization | E60: Show newly-settled / abandoned villages between syncs. | F60: Not Started | G60: Low | H60: M | I60: Travmap | J60: MAP1
A61: MAP9 | B61: Tier MAP | C61: Map | D61: Heatmap overlays | E61: Population density / alliance influence heatmap. | F61: Not Started | G61: Medium | H61: M | I61: Travmap | J61: MAP1
A62: MAP10 | B62: Tier MAP | C62: Map | D62: Incoming-attack arrows overlay | E62: Render IncomingAttack source→target arrows live. | F62: Not Started | G62: High | H62: M | I62: Custom | J62: MAP1,A1
A63: CALC1 | B63: Tier CALC | C63: Calculator | D63: Troop battle simulator | E63: Simulate raid: attacker units vs defender + wall + hero. | F63: Not Started | G63: Medium | H63: M | I63: Gettertools
A64: CALC2 | B64: Tier CALC | C64: Calculator | D64: Travel time calc | E64: Coord-to-coord time per tribe / unit class. | F64: Done | G64: High | H64: S | I64: Gettertools | K64: TravelCalculatorPage: torus distance, TS bonus, landing-time reverse calc (2026-07-05)
A65: CALC3 | B65: Tier CALC | C65: Calculator | D65: Settler ETA calc | E65: Resources + CP + production → ETA new village. | F65: Not Started | G65: Low | H65: S | I65: Gettertools | J65: P1.2
A66: CALC4 | B66: Tier CALC | C66: Calculator | D66: Hero regen calc | E66: HP regen rate from helmet / production bonus. | F66: Not Started | G66: Low | H66: S | I66: Gettertools | J66: P1.6
A67: CALC5 | B67: Tier CALC | C67: Calculator | D67: Building cost lookup | E67: Lookup wood/clay/iron/crop cost for any building level. | F67: Not Started | G67: Medium | H67: S | I67: Gettertools
A68: CALC6 | B68: Tier CALC | C68: Calculator | D68: Combat simulator (advanced) | E68: Includes hero stats, walls, alliance bonuses, morale. | F68: Not Started | G68: Low | H68: L | I68: Gettertools | J68: CALC1
A69: NOT3 | B69: Notifications | C69: Notifications | D69: Sound alerts on critical events | E69: Web Audio API on incoming attack, captcha, hero died. | F69: Done | G69: Medium | H69: S | I69: Custom | J69: C3 | K69: Web Audio two-tone beep on new incoming attack, gated on new soundAlertsEnabled setting, wired into useIncomingAttackWatch (2026-07-05)
A70: NOT4 | B70: Notifications | C70: UX | D70: WebSocket / SSE live updates | E70: Push backend events to UI instead of polling REST. | F70: Done | G70: High | H70: M | I70: Custom | K70: SSE: SseEventBroadcaster + /api/events/stream; broadcasts bot-event + incoming-attack after commit; frontend EventStream context + useLiveEvent wired into BotLogPage and useIncomingAttackWatch (polls kept as fallback) (2026-07-05)
A71: NOT5 | B71: Notifications | C71: UX | D71: Mobile-friendly responsive layout | E71: Sidebar collapses, tables horizontal-scroll, touch targets. | F71: Not Started | G71: Low | H71: M | I71: Custom
A72: NOT6 | B72: Notifications | C72: UX | D72: PWA install | E72: Service worker + manifest, installable on mobile/desktop. | F72: Not Started | G72: Low | H72: S | I72: Custom | J72: NOT5
A73: NOT7 | B73: Notifications | C73: Notifications | D73: Email daily digest | E73: SMTP / Resend summary of activity & alerts. | F73: Not Started | G73: Low | H73: M | I73: Custom
A74: SEC1 | B74: Security | C74: Security | D74: Password encryption AES-GCM | E74: Encrypt Account.password at rest keyed from master password. | F74: Not Started | G74: Critical | H74: M | I74: Custom | K74: Currently plaintext
A75: SEC2 | B75: Security | C75: Security | D75: Session secret rotation | E75: Refresh Travian session cookies periodically. | F75: Not Started | G75: Low | H75: S | I75: Custom | J75: P1.1
A76: SEC3 | B76: Security | C76: Security | D76: Audit log of account access | E76: Track who/when accessed Account credentials. | F76: Not Started | G76: Low | H76: S | I76: Custom
A77: SEC4 | B77: Security | C77: Security | D77: IP allowlist for backend API | E77: Restrict /api/* to allowed IPs (when deployed). | F77: Not Started | G77: Low | H77: S | I77: Custom
A78: REL1 | B78: Reliability | C78: Reliability | D78: Durable task queue | E78: Persist scheduler state in DB so restart resumes mid-batch. | F78: Not Started | G78: High | H78: L | I78: Custom | K78: task/ module exists, not wired
A79: REL2 | B79: Reliability | C79: Reliability | D79: Crash-recovery state | E79: On boot, finish or rollback in-flight Playwright operations. | F79: Not Started | G79: High | H79: M | I79: Custom | J79: REL1
A80: REL3 | B80: Reliability | C80: Reliability | D80: PG dump scheduler | E80: Daily backup, retain N copies. | F80: Not Started | G80: Medium | H80: S | I80: Custom
A81: REL4 | B81: Reliability | C81: Reliability | D81: Health-check + auto-restart | E81: /api/health watchdog + supervisor restart on failure. | F81: Not Started | G81: Low | H81: S | I81: Custom
A82: REL5 | B82: Reliability | C82: Reliability | D82: Observability (Prometheus + Grafana) | E82: Metrics export + dashboards. | F82: Not Started | G82: Low | H82: L | I82: Custom
A83: PERF1 | B83: Performance | C83: Performance | D83: HTTP fallback client | E83: Jsoup + HttpClient + cookies for routine scraping (no browser). | F83: Not Started | G83: High | H83: XL | I83: Custom | J83: P1.1 | K83: 10x faster, 5x less RAM
A84: PERF2 | B84: Performance | C84: Performance | D84: Page result caching | E84: Cache scraped HTML for N seconds for repeated reads. | F84: Not Started | G84: Low | H84: M | I84: Custom
A85: PERF3 | B85: Performance | C85: Performance | D85: Browser pool optimization | E85: Reuse Chromium contexts across accounts where safe. | F85: Not Started | G85: Medium | H85: M | I85: Custom | J85: P2.4
A86: TEST1 | B86: Testing | C86: Testing | D86: Scraper golden HTML fixtures | E86: Convert build/debug/*.html into parser regression tests. | F86: Done | G86: High | H86: M | I86: Custom | K86: Top10PageParserTest: real captured statistics page fixture (4 categories x10 rows) + synthetic edge cases; passes in Maven container (2026-07-05)
A87: TEST2 | B87: Testing | C87: Testing | D87: Frontend E2E tests | E87: Playwright tests for sidebar / pages / forms. | F87: Not Started | G87: Medium | H87: L | I87: Custom
A88: TEST3 | B88: Testing | C88: Testing | D88: Load testing | E88: Simulate N accounts × M villages traffic. | F88: Not Started | G88: Low | H88: M | I88: Custom
A89: TEST4 | B89: Testing | C89: Testing | D89: V1 baseline migration generation | E89: Run Hibernate schema export → V1__init.sql. | F89: Not Started | G89: High | H89: S | I89: Custom | J89: P0.2 | K89: Blocks P0.3
A90: I18N1 | B90: i18n | C90: i18n | D90: English translation | E90: All UI strings keyed. | F90: Done | G90: Critical | H90: S | I90: Custom
A91: I18N2 | B91: i18n | C91: i18n | D91: Croatian translation | E91: All UI strings keyed. | F91: Done | G91: Critical | H91: S | I91: Custom
A92: I18N3 | B92: i18n | C92: i18n | D92: German translation | E92: Important market for Travian. | F92: Not Started | G92: Low | H92: M | I92: Custom
A93: I18N4 | B93: i18n | C93: i18n | D93: Russian translation | E93: Important market for Travian. | F93: Not Started | G93: Low | H93: M | I93: Custom

Sheet Summary
A1: Travian-Ultimate Roadmap Summary
A3: By Status | E3: By Priority
A4: Status | B4: Count | C4: % of Total | E4: Priority | F4: Count | G4: % of Total
A5: Done | B5: =COUNTIF(Backlog!F2:F93,"Done") | C5: =IFERROR(B5/SUM($B$5:$B$8),0) | E5: Critical | F5: =COUNTIF(Backlog!G2:G93,"Critical") | G5: =IFERROR(F5/SUM($F$5:$F$8),0)
A6: In Progress | B6: =COUNTIF(Backlog!F2:F93,"In Progress") | C6: =IFERROR(B6/SUM($B$5:$B$8),0) | E6: High | F6: =COUNTIF(Backlog!G2:G93,"High") | G6: =IFERROR(F6/SUM($F$5:$F$8),0)
A7: Deferred | B7: =COUNTIF(Backlog!F2:F93,"Deferred") | C7: =IFERROR(B7/SUM($B$5:$B$8),0) | E7: Medium | F7: =COUNTIF(Backlog!G2:G93,"Medium") | G7: =IFERROR(F7/SUM($F$5:$F$8),0)
A8: Not Started | B8: =COUNTIF(Backlog!F2:F93,"Not Started") | C8: =IFERROR(B8/SUM($B$5:$B$8),0) | E8: Low | F8: =COUNTIF(Backlog!G2:G93,"Low") | G8: =IFERROR(F8/SUM($F$5:$F$8),0)
A9: Total | B9: =SUM(B5:B8)
A11: By Inspiration | E11: Progress by Phase / Tier
A12: Source | B12: Count | E12: Phase / Tier | F12: Done | G12: Total | H12: % Done
A13: TravBotSharp | B13: =COUNTIF(Backlog!I2:I93,"*TravBotSharp*") | E13: Phase 0 | F13: =COUNTIFS(Backlog!B2:B93,"Phase 0",Backlog!F2:F93,"Done") | G13: =COUNTIF(Backlog!B2:B93,"Phase 0") | H13: =IFERROR(F13/G13,0)
A14: Travcotools | B14: =COUNTIF(Backlog!I2:I93,"*Travcotools*") | E14: Phase 1 | F14: =COUNTIFS(Backlog!B2:B93,"Phase 1",Backlog!F2:F93,"Done") | G14: =COUNTIF(Backlog!B2:B93,"Phase 1") | H14: =IFERROR(F14/G14,0)
A15: Travmap | B15: =COUNTIF(Backlog!I2:I93,"*Travmap*") | E15: Phase 2 | F15: =COUNTIFS(Backlog!B2:B93,"Phase 2",Backlog!F2:F93,"Done") | G15: =COUNTIF(Backlog!B2:B93,"Phase 2") | H15: =IFERROR(F15/G15,0)
A16: Gettertools | B16: =COUNTIF(Backlog!I2:I93,"*Gettertools*") | E16: Tier A | F16: =COUNTIFS(Backlog!B2:B93,"Tier A",Backlog!F2:F93,"Done") | G16: =COUNTIF(Backlog!B2:B93,"Tier A") | H16: =IFERROR(F16/G16,0)
A17: Custom | B17: =COUNTIF(Backlog!I2:I93,"*Custom*") | E17: Tier B | F17: =COUNTIFS(Backlog!B2:B93,"Tier B",Backlog!F2:F93,"Done") | G17: =COUNTIF(Backlog!B2:B93,"Tier B") | H17: =IFERROR(F17/G17,0)
E18: Tier C | F18: =COUNTIFS(Backlog!B2:B93,"Tier C",Backlog!F2:F93,"Done") | G18: =COUNTIF(Backlog!B2:B93,"Tier C") | H18: =IFERROR(F18/G18,0)
E19: Tier D | F19: =COUNTIFS(Backlog!B2:B93,"Tier D",Backlog!F2:F93,"Done") | G19: =COUNTIF(Backlog!B2:B93,"Tier D") | H19: =IFERROR(F19/G19,0)
E20: Tier MAP | F20: =COUNTIFS(Backlog!B2:B93,"Tier MAP",Backlog!F2:F93,"Done") | G20: =COUNTIF(Backlog!B2:B93,"Tier MAP") | H20: =IFERROR(F20/G20,0)
E21: Tier CALC | F21: =COUNTIFS(Backlog!B2:B93,"Tier CALC",Backlog!F2:F93,"Done") | G21: =COUNTIF(Backlog!B2:B93,"Tier CALC") | H21: =IFERROR(F21/G21,0)
E22: Notifications | F22: =COUNTIFS(Backlog!B2:B93,"Notifications",Backlog!F2:F93,"Done") | G22: =COUNTIF(Backlog!B2:B93,"Notifications") | H22: =IFERROR(F22/G22,0)
E23: Security | F23: =COUNTIFS(Backlog!B2:B93,"Security",Backlog!F2:F93,"Done") | G23: =COUNTIF(Backlog!B2:B93,"Security") | H23: =IFERROR(F23/G23,0)
E24: Reliability | F24: =COUNTIFS(Backlog!B2:B93,"Reliability",Backlog!F2:F93,"Done") | G24: =COUNTIF(Backlog!B2:B93,"Reliability") | H24: =IFERROR(F24/G24,0)
E25: Performance | F25: =COUNTIFS(Backlog!B2:B93,"Performance",Backlog!F2:F93,"Done") | G25: =COUNTIF(Backlog!B2:B93,"Performance") | H25: =IFERROR(F25/G25,0)
E26: Testing | F26: =COUNTIFS(Backlog!B2:B93,"Testing",Backlog!F2:F93,"Done") | G26: =COUNTIF(Backlog!B2:B93,"Testing") | H26: =IFERROR(F26/G26,0)
E27: i18n | F27: =COUNTIFS(Backlog!B2:B93,"i18n",Backlog!F2:F93,"Done") | G27: =COUNTIF(Backlog!B2:B93,"i18n") | H27: =IFERROR(F27/G27,0)

Sheet Legend
A1: ROADMAP.xlsx — Column & Value Legend
A3: Status values
A4: Value | B4: Meaning
A5: Done | B5: Implementation complete; in production.
A6: In Progress | B6: Some scaffolding present; not feature-complete.
A7: Deferred | B7: Blocked or intentionally postponed; reason in Notes.
A8: Not Started | B8: Backlog item, not yet picked up.
A10: Priority values
A11: Value | B11: Meaning
A12: Critical | B12: Blocks core flow or security; do first.
A13: High | B13: Materially improves UX / safety / coverage.
A14: Medium | B14: Quality-of-life or strategic edge.
A15: Low | B15: Nice-to-have / polish.
A17: Effort values
A18: Value | B18: Meaning
A19: S | B19: Small (≤ 1 day)
A20: M | B20: Medium (1–3 days)
A21: L | B21: Large (3–7 days)
A22: XL | B22: Extra Large (> 1 week)
A24: Inspired By values
A25: Value | B25: Meaning
A26: TravBotSharp | B26: Local desktop bot — autoplay parity.
A27: Travcotools | B27: Cloud planner — attack/defense/intel parity.
A28: Gettertools | B28: Pure calculators — troop/travel/cost lookup.
A29: Travmap | B29: Interactive world map viewer.
A30: Custom | B30: Original idea not present in inspirations.
A31: Travian | B31: Mirrors a stock feature of the game itself.
A33: Workflow
A34: Value | B34: Meaning
A35: Add new item | B35: Append a row in Backlog; ID convention: <Phase>.<number> or <Tier><number>.
A36: Update status | B36: Change the Status cell; Summary recalculates on save (LibreOffice / Excel).
A37: Mark blocked | B37: Set Status=Deferred and explain in Notes.
A38: Track dependency | B38: List the blocking IDs comma-separated in Dependencies.
